{
    "Предметы": [
        {
            "Название": "Улучшенные болты и стрелы",
            "Свойства": "Добавляет к6 к тесту дальнобойной атаки. Считается как отдельный предмет.",
            "Цена": 15
        },
        {
            "Название": "Бинты",
            "Свойства": "Перевязка отменяет кровотечение и стоит 1ОД. Можно перевязывать себя и персонажей в базовом контакте. Считается как отдельный предмет. При использовании не тратится.",
            "Цена": 5
        },
        {
            "Название": "Без доспеха и щита",
            "Куб": "-",
            "Свойства": "Беззащитный.",
            "Цена": 0
        },
        {
            "Название": "Гамбезон",
            "Куб": "к6",
            "Свойства": "Нет.",
            "Цена": 15
        },
        {
            "Название": "Усиленная защита",
            "Куб": "к6",
            "Свойства": "Усиление. Гамбезону и Кольчуге даёт свойство Тяжёлый.",
            "Цена": 25
        },
        {
            "Название": "Кольчуга",
            "Куб": "к8",
            "Свойства": "Нет.",
            "Цена": 25
        },
        {
            "Название": "Хауберк",
            "Куб": "к10",
            "Свойства": "Тяжёлый.",
            "Цена": 30
        },
        {
            "Название": "Пластинчатый доспех",
            "Куб": "к12",
            "Свойства": "Тяжёлый.",
            "Цена": 40
        },
        {
            "Название": "Щит",
            "Куб": "к6",
            "Свойства": "Нет.",
            "Цена": 15
        },
        {
            "Название": "Укрепленный щит",
            "Куб": "к8",
            "Свойства": "Нет.",
            "Цена": 25
        },
        {
            "Название": "Большой шит",
            "Куб": "к10",
            "Свойства": "Тяжёлый.",
            "Цена": 30
        },
        {
            "Название": "Собачий доспех",
            "Куб": "к6",
            "Свойства": "Только для собак.",
            "Цена": 15
        },
        {
            "Название": "Дубина",
            "Куб": "к6",
            "Эффект крита": "Контузия",
            "Свойства": "Нет.",
            "Цена": 5
        },
        {
            "Название": "Тесак",
            "Куб": "к6",
            "Эффект крита": "Кровотечение",
            "Свойства": "Нет.",
            "Цена": 5
        },
        {
            "Название": "Оглобля",
            "Куб": "к6",
            "Эффект крита": "Контузия",
            "Свойства": "Двуручный; Отбрасывание.",
            "Цена": 10
        },
        {
            "Название": "Цеп",
            "Куб": "к6",
            "Эффект крита": "Контузия",
            "Свойства": "Двуручный; Опрокидывание.",
            "Цена": 10
        },
        {
            "Название": "Острога",
            "Куб": "к6",
            "Эффект крита": "Кровотечение",
            "Свойства": "Упреждающий удар.",
            "Цена": 15
        },
        {
            "Название": "Топор лесоруба",
            "Куб": "к8",
            "Эффект крита": "Травма",
            "Свойства": "Двуручный; Мощный удар.",
            "Цена": 20
        },
        {
            "Название": "Вилы",
            "Куб": "к8",
            "Эффект крита": "Кровотечение",
            "Свойства": "Двуручный; Упреждающий удар.",
            "Цена": 20
        },
        {
            "Название": "Коса",
            "Куб": "к8",
            "Эффект крита": "Кровотечение",
            "Свойства": "Двуручный; Круговой удар.",
            "Цена": 20
        },
        {
            "Название": "Копьё",
            "Куб": "к8",
            "Эффект крита": "Кровотечение",
            "Свойства": "Упреждающий удар.",
            "Цена": 25
        },
        {
            "Название": "Фальшион",
            "Куб": "к8",
            "Эффект крита": "Кровотечение",
            "Свойства": "Коварный удар.",
            "Цена": 25
        },
        {
            "Название": "Боевой топор",
            "Куб": "к8",
            "Эффект крита": "Травма",
            "Свойства": "Пролом щита.",
            "Цена": 25
        },
        {
            "Название": "Кистень",
            "Куб": "к8",
            "Эффект крита": "Контузия",
            "Свойства": "Игнорирование щита.",
            "Цена": 25
        },
        {
            "Название": "Шестопёр",
            "Куб": "к8",
            "Эффект крита": "Контузия",
            "Свойства": "Удар в голову.",
            "Цена": 25
        },
        {
            "Название": "Чекан",
            "Куб": "к8",
            "Эффект крита": "Повреждение брони",
            "Свойства": "Бронебойный; Дробящий удар.",
            "Цена": 35
        },
        {
            "Название": "Кабанье копьё",
            "Куб": "к10",
            "Эффект крита": "Кровотечение",
            "Свойства": "Двуручный; Упреждающий удар; Длинный выпад.",
            "Цена": 40
        },
        {
            "Название": "Алебарда",
            "Куб": "к10",
            "Эффект крита": "Травма",
            "Свойства": "Двуручный; Длинный выпад; Опрокидывание.",
            "Цена": 40
        },
        {
            "Название": "Годендаг",
            "Куб": "к10",
            "Эффект крита": "Контузия",
            "Свойства": "Двуручный; Бронебойный; Мощный удар.",
            "Цена": 40
        },
        {
            "Название": "Меч",
            "Куб": "к10",
            "Эффект крита": "Кровотечение",
            "Свойства": "Парирование; Коварный удар.",
            "Цена": 45
        },
        {
            "Название": "Боевой цеп",
            "Куб": "к10",
            "Эффект крита": "Контузия",
            "Свойства": "Двуручный; Мощный удар; Игнорирование щита.",
            "Цена": 40
        },
        {
            "Название": "Двуручный молот",
            "Куб": "к10",
            "Эффект крита": "Повреждение брони",
            "Свойства": "Двуручный; Бронебойный; Мощный удар; Дробящий удар.",
            "Цена": 50
        },
        {
            "Название": "Двуручный топор",
            "Куб": "к12",
            "Эффект крита": "Травма",
            "Свойства": "Двуручный; Мощный удар; Пролом щита.",
            "Цена": 50
        },
        {
            "Название": "Двуручный меч",
            "Куб": "к12",
            "Эффект крита": "Кровотечение",
            "Свойства": "Двуручный; Парирование; Натиск; Круговой удар.",
            "Цена": 60
        },
        {
            "Название": "Метательный топорик",
            "Куб": "к6",
            "Эффект крита": "Травма",
            "Свойства": "Метательный; Одноразовый.",
            "Цена": 5
        },
        {
            "Название": "Дротик",
            "Куб": "к6",
            "Эффект крита": "Кровотечение",
            "Свойства": "Метательный; Одноразовый.",
            "Цена": 5
        },
        {
            "Название": "Праща",
            "Куб": "к6",
            "Эффект крита": "Контузия",
            "Свойства": "Метательный; Быстрая перезарядка.",
            "Цена": 10
        },
        {
            "Название": "Охотничий лук",
            "Куб": "к6",
            "Эффект крита": "Кровотечение",
            "Свойства": "Двуручный; Быстрая перезарядка.",
            "Цена": 20
        },
        {
            "Название": "Лёгкое копьё",
            "Куб": "к8",
            "Эффект крита": "Кровотечение",
            "Свойства": "Метательный; Одноразовый; Упреждающий удар; Ослабленный.",
            "Цена": 15
        },
        {
            "Название": "Длинный лук",
            "Куб": "к8",
            "Эффект крита": "Кровотечение",
            "Свойства": "Двуручный; Быстрая перезарядка.",
            "Цена": 30
        },
        {
            "Название": "Арбалет",
            "Куб": "к10",
            "Эффект крита": "Кровотечение",
            "Свойства": "Двуручный; Долгая перезарядка; Бронебойный.",
            "Цена": 45
        }
    ]
}
